height,weight,has_fur,likes_belly_rubs,likes_balls,pet_type,is_dog
16.208129807791916,56.92075329515124,1.0,1.0,1.0,dogs,True
8.79261129277242,24.015846679771748,1.0,1.0,0.0,dogs,True
9.214590770329643,20.911406464454274,1.0,0.0,1.0,cats,False
11.492447,0.479632,0.0,0.0,0.0,snakes,False
